Day,Date,Day Offset,Week,Domain,Topics,Planned Hours,Actual Hours,Planned Tasks,Completed Tasks,Remaining Tasks,Daily Completion %,Status,Notes,Main Weakness,Next Action
Day 01,,0,1,Setup + Prerequisites + D1,"Tracker setup; Core prerequisite gap-check; Multi-Row Formula mechanics (previous/current/next row, Group By, Num Rows)",2,,15,0,15,0,🔴 Not Started,,,
Day 02,,1,1,D1 · Advanced Data Prep,Multi-Row Formula: rows that do not exist; running total; previous-row comparison; % change,2,,14,0,14,0,🔴 Not Started,Weekly Challenge: #3 Running Averages – start,,
Day 03,,2,1,D1 · Advanced Data Prep,"Multi-Field Formula (overwrite vs new field, change data type); ToNumber(); Round(); Trim()",2,,14,0,14,0,🔴 Not Started,Weekly Challenge: #3 Running Averages – finish,,
Day 04,,3,1,D1 · Advanced Data Prep,DateTime(); GetWord(); FindString(); Filter compound AND/OR; DateTime functions across tools,2,,14,0,14,0,🔴 Not Started,,,
Day 05,,4,1,D1 · Advanced Data Prep,REGEX_Match(); REGEX_Replace(); RegEx tool (Parse/Match/Tokenize/Replace); parse vs match; identify regex for a given output,2,,14,0,14,0,🔴 Not Started,Weekly Challenge: #56 Parsing & Counting Hashtags – start,,
Day 06,,5,1,D1 · Advanced Data Prep,Generate Rows tool; Find Replace (replace multiple items); Join Multiple tool,2,,14,0,14,0,🔴 Not Started,Weekly Challenge: #56 Parsing & Counting Hashtags – finish,,
Day 07,,6,1,D1 · Advanced Data Prep,"Data Investigation: Association Analysis, Field Summary, Frequency Table, Pearson, Spearman, Pearson vs Spearman; Weekly Review 1",2,,14,0,14,0,🔴 Not Started,,,
Day 08,,7,2,D4 · Data Sources,"Connectors ribbon overview; Download tool (GET/POST, headers, payload, output fields)",2,,14,0,14,0,🔴 Not Started,,,
Day 09,,8,2,D4 · Data Sources,"In-Database tools (Connect In-DB, Data Stream In/Out, In-DB transforms, pushdown); Data Connection Manager (DCM)",2,,14,0,14,0,🔴 Not Started,,,
Day 10,,9,2,D4 · Data Sources,Directory tool; Input/Output Data advanced options; Dynamic Input tool; Dynamic Rename tool,2,,14,0,14,0,🔴 Not Started,,,
Day 11,,10,2,D4 · Data Sources,Blob Convert; Blob Input; Blob Output; Domain 4 recap mini-test,2,,14,0,14,0,🔴 Not Started,,,
Day 12,,11,2,D2 · Reporting Tools,"Table tool (column config, conditional formatting); Charting / Interactive Chart tool",2,,14,0,14,0,🔴 Not Started,,,
Day 13,,12,2,D2 · Reporting Tools,"Layout tool; Render tool (output formats, group into separate reports); Email tool (reporting)",2,,14,0,14,0,🔴 Not Started,,,
Day 14,,13,2,D2 · Reporting Tools,Reporting recap; catch-up buffer; Weekly Review 2,2,,12,0,12,0,🔴 Not Started,,,
Day 15,,14,3,D3 · Spatial Analytics,Create Points tool; spatial functions in the Formula tool; spatial actions in the Summarize tool,2,,14,0,14,0,🔴 Not Started,,,
Day 16,,15,3,D3 · Spatial Analytics,"Combine spatial objects (intersections, splits, buffers); Spatial Match (target vs universe); Trade Area tool",2,,14,0,14,0,🔴 Not Started,Weekly Challenge: #6 Spatial Route – start,,
Day 17,,16,3,D3 · Spatial Analytics,Distance tool; Find Nearest tool; Target & Universe input anchors; Domain 3 recap,2,,14,0,14,0,🔴 Not Started,Weekly Challenge: #6 Spatial Route – finish,,
Day 18,,17,3,D5 · Macros,Standard vs Batch vs Iterative macros – use cases & functionality; Macro Input / Macro Output tools,2,,14,0,14,0,🔴 Not Started,,,
Day 19,,18,3,D5 · Macros,Build a Standard macro; Interface Designer window; Show Field Map functionality,2,,14,0,14,0,🔴 Not Started,,,
Day 20,,19,3,D5 · Macros,Build a Batch macro (Control Parameter + Action tool),2,,14,0,14,0,🔴 Not Started,Weekly Challenge: #86 Macro: Generate Past Dates – start,,
Day 21,,20,3,D5 · Macros,"Build an Iterative macro (Iteration Input/Output, max iterations, convergence); Weekly Review 3",2,,14,0,14,0,🔴 Not Started,Weekly Challenge: #86 – continue,,
Day 22,,21,4,D5 · Macros,Debug functionality for a macro interface; set macro repository/location in User Settings; consolidate all 3 macro types; macro mini-test,2,,14,0,14,0,🔴 Not Started,Weekly Challenge: #86 Macro: Generate Past Dates – finish,,
Day 23,,22,4,D6 · Analytical Apps & Productionizing,Action tool; Condition tool boundaries; Error Message tool & resulting error records,2,,14,0,14,0,🔴 Not Started,,,
Day 24,,23,4,D6 · Analytical Apps & Productionizing,"Interface tools: Check Box, Drop Down, File/Folder Browse, List Box, Numeric Up Down, Radio Button, Text Box, DCM Connection",2,,14,0,14,0,🔴 Not Started,,,
Day 25,,24,4,D6 · Analytical Apps & Productionizing,"Build an Analytical Application end-to-end: configure Interface tools, use Interface Designer, reasons for using an app",2,,14,0,14,0,🔴 Not Started,,,
Day 26,,25,4,D6 · Analytical Apps & Productionizing,Block Until Done tool; Email Event; Run Command tool; Dynamic Select tool; Domain 6 recap,2,,14,0,14,0,🔴 Not Started,,,
Day 27,,26,4,Revision + Mock,Full weak-area revision (all domains); Practice Questions; Practice Mock Exam 1; mistake review,2,,12,0,12,0,🔴 Not Started,,,
Day 28,,27,4,Revision + Mock,Mock Exam 2; review; Final Exam Readiness audit; Weekly Review 4; go / no-go decision,2,,12,0,12,0,🔴 Not Started,,,
