Topic,What to Learn,Primary Resource,Secondary Resource,Hands-on Practice,Related Challenge,Resource URL
Multi-Row Formula,"Row offsets, Group By, rows-that-don't-exist, running calcs",Academy Pathway: Advanced Data Preparation,Tool Mastery: Multi-Row Formula (Community),"Build running total, prev-row delta, % change on sample sales data",#3 Running Averages,https://community.alteryx.com/t5/Tool-Mastery/tkb-p/tool-mastery
Multi-Field Formula,One expression over many fields; overwrite vs add; type change,Academy Pathway: Advanced Data Preparation,Help: Multi-Field Formula Tool,Trim + upper-case 6 text fields at once; then change 3 numeric fields to Fixed Decimal,(verify) Multi-Field Formula challenge,https://help.alteryx.com/
Formula functions (DateTime/ToNumber/Round/GetWord/FindString/Trim),Exact syntax & return values of the 8 named functions,Help: Functions (by category),Academy Pathway: Parsing Data,"One Formula tool, one field per function, predict each output before running",(verify) DateTime challenge,https://help.alteryx.com/
REGEX_Match / REGEX_Replace,Whole-string match; back-references; when to use vs the RegEx tool,Academy Pathway: Parsing Data,Tool Mastery: RegEx (Community),Validate emails with REGEX_Match; mask digits with REGEX_Replace,#56 Parsing & Counting Hashtags,https://community.alteryx.com/t5/Tool-Mastery/tkb-p/tool-mastery
RegEx tool (Parse / Match / Tokenize / Replace),Which method yields columns vs rows vs flags; marked groups,Academy Pathway: Parsing Data,Help: RegEx Tool,Same pattern through all 4 methods on one data set; diff the outputs,#56 Parsing & Counting Hashtags,https://help.alteryx.com/
Filter (compound AND/OR),"Custom filter, operator precedence, parentheses, null handling",Help: Filter Tool,Tool Mastery: Filter (Community),Write 5 compound conditions; predict T/F split for 10 rows,—,https://help.alteryx.com/
Generate Rows,Numeric/date/loop modes; init/condition/loop expressions,Academy Pathway: Advanced Data Preparation,Help: Generate Rows Tool,Generate a date row per day of last month; generate a 1..N sequence per group,#86 (uses Generate Rows),https://help.alteryx.com/
Find Replace,Whole vs any-part; replace text vs append fields; multiple items,Help: Find Replace Tool,Tool Mastery: Find Replace (Community),Look up 20 abbreviations and expand them inside a free-text field,—,https://help.alteryx.com/
Join Multiple,N-input joins; Cartesian option; only-matching option; field collisions,Help: Join Multiple Tool,Tool Mastery: Join Multiple (Community),Join 3 lookup tables to a fact table; inspect row count vs a chain of Joins,—,https://help.alteryx.com/
Data Investigation (Field Summary / Frequency Table / Association Analysis),What each output means; where correlation appears,Help: Data Investigation tools,Academy: Data Investigation content,Profile a messy data set; read the Field Summary + Frequency Table reports,—,https://help.alteryx.com/
Pearson vs Spearman,Linear vs monotonic; data-type & distribution assumptions; when each is higher,Help: Pearson Correlation / Spearman Correlation,Community articles: correlation in Alteryx,Run both on a non-linear-but-monotonic pair; explain the gap,—,https://help.alteryx.com/
Tables & Charts,"Table column config & rule formatting; chart layers, types, aggregation",Academy Pathway: From Data Prep to Insightful Reports,Help: Table Tool / Interactive Chart Tool,Build a formatted summary table + a grouped bar chart from one aggregate,(verify) Reporting challenge,https://help.alteryx.com/
Layout / Render / Email,Composing snippets; output formats; group-into-separate-reports; emailing reports,Academy Pathway: From Data Prep to Insightful Reports,Help: Layout / Render / Email Tools,One PDF with title + table + chart; then one PDF per region; then email it,(verify) Reporting challenge,https://help.alteryx.com/
Spatial objects (Create Points; Formula & Summarize spatial),Point creation; ST_ functions; Summarize spatial actions,Help: Spatial tools,Interactive Lessons: Spatial Analytics,Create points from lat/long; buffer them in Formula; Combine in Summarize,#6 Spatial Route,https://community.alteryx.com/t5/Interactive-Lessons/ct-p/interactive-lessons
Combine / Spatial Match / Trade Area,Intersect/cut/buffer results; target-vs-universe; rings & overlap,Help: Spatial Match / Trade Area / Spatial Process,Interactive Lessons: Spatial Analytics,Trade areas around stores; Spatial Match customers to them; count per store,#6 Spatial Route,https://help.alteryx.com/
Distance / Find Nearest / Target & Universe,Straight-line vs drive; nearest N; which anchor is which,Help: Distance Tool / Find Nearest Tool,Tool Mastery: Find Nearest (Community),Nearest depot to each customer with a 25-mile cap; inspect both outputs,#6 Spatial Route,https://help.alteryx.com/
Data Sources – Download & Connectors,REST calls; GET/POST; headers/payload; connectors vs Download,Help: Download Tool / Connectors,Academy Pathway: Preparing and Blending Data,Call a public JSON API with Download; parse the response with JSON Parse,(verify) Data Sources challenge,https://help.alteryx.com/
Data Sources – In-Database & DCM,Connect In-DB; Data Stream In/Out; pushdown; DCM connections,Help: In-Database / Data Connection Manager,Academy: In-Database content,Build an In-DB filter+summarize against SQLite; Data Stream Out only at the end,—,https://help.alteryx.com/
Data Sources – Dynamic Input / Directory / Dynamic Rename,Template reads; list-of-sources; renaming methods,Help: Dynamic Input / Directory / Dynamic Rename,Tool Mastery (Community),Directory -> Dynamic Input over 5 files; Dynamic Rename via formula,(verify) Data Sources challenge,https://help.alteryx.com/
Data Sources – Blob tools,Blob Input/Output/Convert; reading & writing binary files,Help: Blob Input / Blob Output / Blob Convert,Tool Mastery: Blob (Community),Read a folder of images to blobs; write them back out with new names,—,https://help.alteryx.com/
Macros – standard / batch / iterative,Use cases; Macro Input/Output; Control Parameter; Iteration anchors,Academy Pathway: Getting Started with Macros,Help: Macros,Build one of each type doing the same trivial task; compare run behaviour,#86 Macro: Generate Past Dates,https://help.alteryx.com/
Macros – Interface Designer / Show Field Map / Debug / repository,Layout & Test View; field mapping; Debug workflow; User Settings > Macros,Academy Pathway: Getting Started with Macros,Help: Interface Designer / User Settings,Add an interface question to your macro; Debug it; register a macro folder,#86 Macro: Generate Past Dates,https://help.alteryx.com/
Analytical Apps – Action / Condition / Error Message,XML update actions; interface-flow branching; run-time errors,Help: Action / Condition / Error Message Tools,Interactive Lessons: Analytic Apps,App that updates an Input path via Action; Condition to toggle a branch; Error Message guard,(verify) Analytical App challenge,https://help.alteryx.com/
Analytical Apps – Interface tools,"Check Box, Drop Down, Browse, List Box, Numeric Up Down, Radio Button, Text Box, DCM Connection",Help: Interface Tools,Academy: Analytic Apps content,"One app exercising all 8 interface tools, each wired through an Action",(verify) Analytical App challenge,https://help.alteryx.com/
Productionizing – Block Until Done / Email Event / Run Command / Dynamic Select,"Ordering, workflow events, external scripts, run-time field selection",Help: Block Until Done / Events / Run Command / Dynamic Select,Community articles,Write-then-read with Block Until Done; add a success Email Event; a Run Command step,—,https://help.alteryx.com/
