Topic,Subtopic,Domain,Exam Weight,Priority,Week,Day,Status,Difficulty,Theory Complete,Hands-on Complete,Practice Complete,Revision Complete,Challenge Complete,Confidence,Weak Area,Notes,Mistakes,Resource,Resource URL,Last Reviewed,Next Review,Completion %,Type
Multi-Row Formula tool – configure & identify output from expressions,previous/current/next row references; Group By; Num Rows; field type & size of the new field,D1 · Advanced Data Prep & Transformation,27%,High,1,1,🔴 Not Started,Hard,No,No,No,No,No,1,No,,,Academy Pathway: Advanced Data Preparation + Parsing Data; Tool Mastery KB,https://community.alteryx.com/t5/Tool-Mastery/tkb-p/tool-mastery,,,0,Official
Multi-Row Formula tool – values for rows that do not exist,"'0' / 'Null()' / user value / '""""'; behaviour for leading rows (no previous) and trailing rows (no next)",D1 · Advanced Data Prep & Transformation,27%,High,1,2,🔴 Not Started,Hard,No,No,No,No,No,1,No,,,Academy Pathway: Advanced Data Preparation + Parsing Data; Tool Mastery KB,https://community.alteryx.com/t5/Tool-Mastery/tkb-p/tool-mastery,,,0,Official
Multi-Field Formula tool – overwrite fields & change data types,"[_CurrentField_], [_CurrentFieldName_]; 'Copy Output Fields and Add'; change output type/size; apply one expression to many fields",D1 · Advanced Data Prep & Transformation,27%,High,1,3,🔴 Not Started,Medium,No,No,No,No,No,1,No,,,Academy Pathway: Advanced Data Preparation + Parsing Data; Tool Mastery KB,https://community.alteryx.com/t5/Tool-Mastery/tkb-p/tool-mastery,,,0,Official
Formula function: DateTime(),"DateTimeParse() string→date, DateTimeFormat() date→string, specifiers %Y %m %d %H %M %S",D1 · Advanced Data Prep & Transformation,27%,High,1,4,🔴 Not Started,Medium,No,No,No,No,No,1,No,,,Academy Pathway: Advanced Data Preparation + Parsing Data; Tool Mastery KB,https://community.alteryx.com/t5/Tool-Mastery/tkb-p/tool-mastery,,,0,Official
Formula function: ToNumber(),string→numeric; ignoreErrors and decimalSeparator arguments; returns Null on failure,D1 · Advanced Data Prep & Transformation,27%,Medium,1,3,🔴 Not Started,Easy,No,No,No,No,No,1,No,,,Academy Pathway: Advanced Data Preparation + Parsing Data; Tool Mastery KB,https://community.alteryx.com/t5/Tool-Mastery/tkb-p/tool-mastery,,,0,Official
Formula function: Round(),"Round(value, multiple) – rounds to the nearest multiple, not decimal places",D1 · Advanced Data Prep & Transformation,27%,Medium,1,3,🔴 Not Started,Easy,No,No,No,No,No,1,No,,,Academy Pathway: Advanced Data Preparation + Parsing Data; Tool Mastery KB,https://community.alteryx.com/t5/Tool-Mastery/tkb-p/tool-mastery,,,0,Official
Formula function: REGEX_Match(),returns Boolean; the whole value must match the pattern; case sensitivity,D1 · Advanced Data Prep & Transformation,27%,High,1,5,🔴 Not Started,Hard,No,No,No,No,No,1,No,,,Academy Pathway: Advanced Data Preparation + Parsing Data; Tool Mastery KB,https://community.alteryx.com/t5/Tool-Mastery/tkb-p/tool-mastery,,,0,Official
Formula function: REGEX_Replace(),"REGEX_Replace(str, pattern, replace) with \1 \2 back-references to marked groups",D1 · Advanced Data Prep & Transformation,27%,High,1,5,🔴 Not Started,Hard,No,No,No,No,No,1,No,,,Academy Pathway: Advanced Data Preparation + Parsing Data; Tool Mastery KB,https://community.alteryx.com/t5/Tool-Mastery/tkb-p/tool-mastery,,,0,Official
Formula function: GetWord(),"GetWord(string, n) – zero-based word index; whitespace/punctuation delimiters",D1 · Advanced Data Prep & Transformation,27%,High,1,4,🔴 Not Started,Medium,No,No,No,No,No,1,No,,,Academy Pathway: Advanced Data Preparation + Parsing Data; Tool Mastery KB,https://community.alteryx.com/t5/Tool-Mastery/tkb-p/tool-mastery,,,0,Official
Formula function: FindString(),"FindString(string, target) – zero-based position of first occurrence; returns -1 if not found; case sensitive",D1 · Advanced Data Prep & Transformation,27%,High,1,4,🔴 Not Started,Medium,No,No,No,No,No,1,No,,,Academy Pathway: Advanced Data Preparation + Parsing Data; Tool Mastery KB,https://community.alteryx.com/t5/Tool-Mastery/tkb-p/tool-mastery,,,0,Official
Formula function: Trim(),Trim / TrimLeft / TrimRight; optional second argument = set of characters to strip,D1 · Advanced Data Prep & Transformation,27%,Medium,1,3,🔴 Not Started,Easy,No,No,No,No,No,1,No,,,Academy Pathway: Advanced Data Preparation + Parsing Data; Tool Mastery KB,https://community.alteryx.com/t5/Tool-Mastery/tkb-p/tool-mastery,,,0,Official
Filter tool – compound AND/OR expressions,Basic vs Custom filter; AND/OR precedence and parentheses; True and False output anchors,D1 · Advanced Data Prep & Transformation,27%,High,1,4,🔴 Not Started,Medium,No,No,No,No,No,1,No,,,Academy Pathway: Advanced Data Preparation + Parsing Data; Tool Mastery KB,https://community.alteryx.com/t5/Tool-Mastery/tkb-p/tool-mastery,,,0,Official
DateTime functions across multiple tools,"same functions usable in Formula, Filter, Generate Rows, Multi-Row Formula; DateTimeAdd/Diff/Now/Today/Trim",D1 · Advanced Data Prep & Transformation,27%,High,1,4,🔴 Not Started,Medium,No,No,No,No,No,1,No,,,Academy Pathway: Advanced Data Preparation + Parsing Data; Tool Mastery KB,https://community.alteryx.com/t5/Tool-Mastery/tkb-p/tool-mastery,,,0,Official
Generate Rows tool,"numeric / date / loop modes; Initialization, Condition, Loop expressions; update existing vs create new field; infinite-loop guard",D1 · Advanced Data Prep & Transformation,27%,High,1,6,🔴 Not Started,Medium,No,No,No,No,No,1,No,,,Academy Pathway: Advanced Data Preparation + Parsing Data; Tool Mastery KB,https://community.alteryx.com/t5/Tool-Mastery/tkb-p/tool-mastery,,,0,Official
Find Replace tool – replace multiple items,Find within field vs whole field; 'Replace found text with' vs append fields; case; find any part of field,D1 · Advanced Data Prep & Transformation,27%,High,1,6,🔴 Not Started,Medium,No,No,No,No,No,1,No,,,Academy Pathway: Advanced Data Preparation + Parsing Data; Tool Mastery KB,https://community.alteryx.com/t5/Tool-Mastery/tkb-p/tool-mastery,,,0,Official
Join Multiple tool,N inputs; join on position or field(s); 'Cartesian join if no field selected'; 'Output only records that joined'; field naming/collision,D1 · Advanced Data Prep & Transformation,27%,High,1,6,🔴 Not Started,Medium,No,No,No,No,No,1,No,,,Academy Pathway: Advanced Data Preparation + Parsing Data; Tool Mastery KB,https://community.alteryx.com/t5/Tool-Mastery/tkb-p/tool-mastery,,,0,Official
RegEx tool – configuration,output method: Replace / Tokenize / Parse / Match; marked (capture) groups; case-insensitive; column count for Tokenize,D1 · Advanced Data Prep & Transformation,27%,High,1,5,🔴 Not Started,Hard,No,No,No,No,No,1,No,,,Academy Pathway: Advanced Data Preparation + Parsing Data; Tool Mastery KB,https://community.alteryx.com/t5/Tool-Mastery/tkb-p/tool-mastery,,,0,Official
Parse vs Match methods (RegEx tool),Parse = split value into columns using marked groups; Match = add fields flagging/returning the match,D1 · Advanced Data Prep & Transformation,27%,High,1,5,🔴 Not Started,Hard,No,No,No,No,No,1,No,,,Academy Pathway: Advanced Data Preparation + Parsing Data; Tool Mastery KB,https://community.alteryx.com/t5/Tool-Mastery/tkb-p/tool-mastery,,,0,Official
Identify the regular expression that produces a given output,"character classes [A-Za-z0-9], quantifiers * + ? {n,m}, anchors ^ $ \b, groups ( ), alternation |, greedy vs lazy",D1 · Advanced Data Prep & Transformation,27%,High,1,5,🔴 Not Started,Hard,No,No,No,No,No,1,No,,,Academy Pathway: Advanced Data Preparation + Parsing Data; Tool Mastery KB,https://community.alteryx.com/t5/Tool-Mastery/tkb-p/tool-mastery,,,0,Official
Association Analysis tool,target field vs all fields; Pearson/Spearman correlation matrix + p-values; Association Measures report; pairwise vs complete,D1 · Advanced Data Prep & Transformation,27%,High,1,7,🔴 Not Started,Medium,No,No,No,No,No,1,No,,,Academy Pathway: Advanced Data Preparation + Parsing Data; Tool Mastery KB,https://community.alteryx.com/t5/Tool-Mastery/tkb-p/tool-mastery,,,0,Official
Field Summary tool,"per-field profile: % missing, unique count, min/max/mean/median/std; Report (R) and Data (I) outputs",D1 · Advanced Data Prep & Transformation,27%,Medium,1,7,🔴 Not Started,Easy,No,No,No,No,No,1,No,,,Academy Pathway: Advanced Data Preparation + Parsing Data; Tool Mastery KB,https://community.alteryx.com/t5/Tool-Mastery/tkb-p/tool-mastery,,,0,Official
Frequency Table tool,count and percent for each distinct value; multiple fields at once; how missing/null is bucketed,D1 · Advanced Data Prep & Transformation,27%,Medium,1,7,🔴 Not Started,Easy,No,No,No,No,No,1,No,,,Academy Pathway: Advanced Data Preparation + Parsing Data; Tool Mastery KB,https://community.alteryx.com/t5/Tool-Mastery/tkb-p/tool-mastery,,,0,Official
Pearson Correlation tool,"linear correlation, range -1..1; assumes roughly linear relationship and interval data; sensitive to outliers",D1 · Advanced Data Prep & Transformation,27%,High,1,7,🔴 Not Started,Medium,No,No,No,No,No,1,No,,,Academy Pathway: Advanced Data Preparation + Parsing Data; Tool Mastery KB,https://community.alteryx.com/t5/Tool-Mastery/tkb-p/tool-mastery,,,0,Official
Spearman Correlation tool,rank (monotonic) correlation; robust to outliers and non-linear-but-monotonic relationships; works on ordinal data,D1 · Advanced Data Prep & Transformation,27%,High,1,7,🔴 Not Started,Medium,No,No,No,No,No,1,No,,,Academy Pathway: Advanced Data Preparation + Parsing Data; Tool Mastery KB,https://community.alteryx.com/t5/Tool-Mastery/tkb-p/tool-mastery,,,0,Official
Differentiate Pearson vs Spearman Correlation,choose Spearman for ranked/ordinal/skewed/non-linear-monotonic data; Pearson for linear interval data,D1 · Advanced Data Prep & Transformation,27%,High,1,7,🔴 Not Started,Medium,No,No,No,No,No,1,No,,,Academy Pathway: Advanced Data Preparation + Parsing Data; Tool Mastery KB,https://community.alteryx.com/t5/Tool-Mastery/tkb-p/tool-mastery,,,0,Official
Connectors ribbon tools (overview),purpose-built connectors vs generic Input Data; OAuth / API-key auth patterns; when to use a connector over Download,D4 · Data Sources,15%,High,2,8,🔴 Not Started,Medium,No,No,No,No,No,1,No,,,Academy Pathway: Preparing and Blending Data; Help: Connectors / DCM / In-Database,https://help.alteryx.com/,,,0,Official
Download tool,"URL field; GET/POST/PUT/DELETE; Headers, Query String/Payload; DownloadData vs DownloadHeaders output; string vs blob; base64",D4 · Data Sources,15%,High,2,8,🔴 Not Started,Medium,No,No,No,No,No,1,No,,,Academy Pathway: Preparing and Blending Data; Help: Connectors / DCM / In-Database,https://help.alteryx.com/,,,0,Official
In-Database tools,"Connect In-DB, Data Stream In / Data Stream Out, Browse In-DB, In-DB Formula/Filter/Join/Summarize/Select; pushdown to the DB; Write Data In-DB",D4 · Data Sources,15%,High,2,9,🔴 Not Started,Hard,No,No,No,No,No,1,No,,,Academy Pathway: Preparing and Blending Data; Help: Connectors / DCM / In-Database,https://help.alteryx.com/,,,0,Official
Data Connection Manager (DCM),separates connection details from credentials; reusable & shareable; roles; DCM-enabled tools; connection vault,D4 · Data Sources,15%,High,2,9,🔴 Not Started,Medium,No,No,No,No,No,1,No,,,Academy Pathway: Preparing and Blending Data; Help: Connectors / DCM / In-Database,https://help.alteryx.com/,,,0,Official
Directory tool,"returns FullPath, FileName, Directory, Size, Created/Modified; include sub-directories; wildcard file spec; feeds Dynamic Input",D4 · Data Sources,15%,Medium,2,10,🔴 Not Started,Easy,No,No,No,No,No,1,No,,,Academy Pathway: Preparing and Blending Data; Help: Connectors / DCM / In-Database,https://help.alteryx.com/,,,0,Official
Input Data / Output Data tools – advanced options,format-specific options; multi-file / multi-sheet wildcards; 'Output File Name as Field'; record limit; first-row-contains-field-names; Take/Skip,D4 · Data Sources,15%,High,2,10,🔴 Not Started,Medium,No,No,No,No,No,1,No,,,Academy Pathway: Preparing and Blending Data; Help: Connectors / DCM / In-Database,https://help.alteryx.com/,,,0,Official
Dynamic Input tool,template (example) input; 'Read a List of Data Sources' vs 'Change Entire File Path'; Modify SQL Query action; schema-mismatch / 'different schema' errors,D4 · Data Sources,15%,High,2,10,🔴 Not Started,Hard,No,No,No,No,No,1,No,,,Academy Pathway: Preparing and Blending Data; Help: Connectors / DCM / In-Database,https://help.alteryx.com/,,,0,Official
Dynamic Rename tool,methods: Take Field Names from First Row of Data; Rename via Formula; Add/Remove Prefix or Suffix; Rename by right (R) input,D4 · Data Sources,15%,High,2,10,🔴 Not Started,Medium,No,No,No,No,No,1,No,,,Academy Pathway: Preparing and Blending Data; Help: Connectors / DCM / In-Database,https://help.alteryx.com/,,,0,Official
Blob Convert tool,convert a string/field to a BLOB or a BLOB back to a string/field; 'To Blob' vs 'From Blob' direction; field & encoding,D4 · Data Sources,15%,Medium,2,11,🔴 Not Started,Medium,No,No,No,No,No,1,No,,,Academy Pathway: Preparing and Blending Data; Help: Connectors / DCM / In-Database,https://help.alteryx.com/,,,0,Official
Blob Input tool,"read whole binary files (images, PDFs) into a single BLOB field; wildcard path; usually paired with the Directory tool",D4 · Data Sources,15%,Medium,2,11,🔴 Not Started,Medium,No,No,No,No,No,1,No,,,Academy Pathway: Preparing and Blending Data; Help: Connectors / DCM / In-Database,https://help.alteryx.com/,,,0,Official
Blob Output tool,write a BLOB field back out to files; filename comes from a field; set the file extension,D4 · Data Sources,15%,Medium,2,11,🔴 Not Started,Medium,No,No,No,No,No,1,No,,,Academy Pathway: Preparing and Blending Data; Help: Connectors / DCM / In-Database,https://help.alteryx.com/,,,0,Official
Table tool – configure tables,per-column config & order; conditional / rule-based formatting; grouping; Basic vs Pivot table; number & date formatting; column width,D2 · Reporting Tools,10%,High,2,12,🔴 Not Started,Medium,No,No,No,No,No,1,No,,,Academy Pathway: From Data Prep to Insightful Reports; Help: Reporting tools,https://help.alteryx.com/,,,0,Official
Charting / Interactive Chart tool – configure charts,"add layers; chart types bar/line/pie/scatter/area; X & Y fields; aggregation & grouping; axis, legend, colour config",D2 · Reporting Tools,10%,High,2,12,🔴 Not Started,Medium,No,No,No,No,No,1,No,,,Academy Pathway: From Data Prep to Insightful Reports; Help: Reporting tools,https://help.alteryx.com/,,,0,Official
Layout tool,"arrange report snippets vertically/horizontally; per-section orientation; borders, margins, separators; 'Layout each group of records'",D2 · Reporting Tools,10%,Medium,2,13,🔴 Not Started,Medium,No,No,No,No,No,1,No,,,Academy Pathway: From Data Prep to Insightful Reports; Help: Reporting tools,https://help.alteryx.com/,,,0,Official
Render tool,output to PDF / HTML / DOCX / XLSX / PCXML; paper size & orientation; 'Group Data into Separate Reports'; output to a field vs a file; temp vs specific file,D2 · Reporting Tools,10%,High,2,13,🔴 Not Started,Medium,No,No,No,No,No,1,No,,,Academy Pathway: From Data Prep to Insightful Reports; Help: Reporting tools,https://help.alteryx.com/,,,0,Official
Email tool (Reporting),SMTP server config; To/From/CC from a field; subject & body (text or from a field); attach a rendered report or a BLOB; one email per record,D2 · Reporting Tools,10%,Medium,2,13,🔴 Not Started,Easy,No,No,No,No,No,1,No,,,Academy Pathway: From Data Prep to Insightful Reports; Help: Reporting tools,https://help.alteryx.com/,,,0,Official
Create Points tool,"X = Longitude field, Y = Latitude field; outputs a point Spatial Object; coordinate reference system",D3 · Spatial Analytics Basics,10%,Medium,3,15,🔴 Not Started,Easy,No,No,No,No,No,1,No,,,Help: Spatial tools; Interactive Lessons: Spatial Analytics; Tool Mastery KB,https://community.alteryx.com/t5/Interactive-Lessons/ct-p/interactive-lessons,,,0,Official
Spatial functionality within the Formula tool,"ST_Distance, ST_Buffer, ST_Centroid, ST_Contains, ST_Intersects, ST_Within, CreatePoint, ToWKT / FromWKT",D3 · Spatial Analytics Basics,10%,High,3,15,🔴 Not Started,Hard,No,No,No,No,No,1,No,,,Help: Spatial tools; Interactive Lessons: Spatial Analytics; Tool Mastery KB,https://community.alteryx.com/t5/Interactive-Lessons/ct-p/interactive-lessons,,,0,Official
Spatial functionality within the Summarize tool,"spatial actions: Combine, Create Convex Hull, Create Bounding Rectangle, Create Centroid, Create Rectangle",D3 · Spatial Analytics Basics,10%,High,3,15,🔴 Not Started,Medium,No,No,No,No,No,1,No,,,Help: Spatial tools; Interactive Lessons: Spatial Analytics; Tool Mastery KB,https://community.alteryx.com/t5/Interactive-Lessons/ct-p/interactive-lessons,,,0,Official
"Combine spatial objects – intersections, splits, buffers",Spatial Process tool (Combine / Cut / Intersect); predict the resulting object; positive vs negative buffer distance,D3 · Spatial Analytics Basics,10%,High,3,16,🔴 Not Started,Hard,No,No,No,No,No,1,No,,,Help: Spatial tools; Interactive Lessons: Spatial Analytics; Tool Mastery KB,https://community.alteryx.com/t5/Interactive-Lessons/ct-p/interactive-lessons,,,0,Official
Spatial Match tool – target vs universe interaction,match condition (Where Target ... Universe: Contains / Intersects / Touches / Within); T and U output anchors; record duplication on multiple matches,D3 · Spatial Analytics Basics,10%,High,3,16,🔴 Not Started,Hard,No,No,No,No,No,1,No,,,Help: Spatial tools; Interactive Lessons: Spatial Analytics; Tool Mastery KB,https://community.alteryx.com/t5/Interactive-Lessons/ct-p/interactive-lessons,,,0,Official
Trade Area tool,circular radius (miles) or drive-time rings; multiple ring sizes; overlap handling: Keep / Remove Overlap / Cookie-cut; per-centre vs combined,D3 · Spatial Analytics Basics,10%,High,3,16,🔴 Not Started,Medium,No,No,No,No,No,1,No,,,Help: Spatial tools; Interactive Lessons: Spatial Analytics; Tool Mastery KB,https://community.alteryx.com/t5/Interactive-Lessons/ct-p/interactive-lessons,,,0,Official
Distance tool,point-to-point and point-to-polygon; straight-line distance vs driving distance & drive time; output units; direction/bearing,D3 · Spatial Analytics Basics,10%,High,3,17,🔴 Not Started,Medium,No,No,No,No,No,1,No,,,Help: Spatial tools; Interactive Lessons: Spatial Analytics; Tool Mastery KB,https://community.alteryx.com/t5/Interactive-Lessons/ct-p/interactive-lessons,,,0,Official
Find Nearest tool,for each Target find the nearest N from Universe; maximum distance cutoff; Matched vs Unmatched (Not Found) outputs; distance field added,D3 · Spatial Analytics Basics,10%,High,3,17,🔴 Not Started,Medium,No,No,No,No,No,1,No,,,Help: Spatial tools; Interactive Lessons: Spatial Analytics; Tool Mastery KB,https://community.alteryx.com/t5/Interactive-Lessons/ct-p/interactive-lessons,,,0,Official
Target and Universe input anchors – functionality,Target = the 'search from' set (kept once); Universe = the 'search against' set; which anchor is which in Spatial Match & Find Nearest,D3 · Spatial Analytics Basics,10%,High,3,17,🔴 Not Started,Medium,No,No,No,No,No,1,No,,,Help: Spatial tools; Interactive Lessons: Spatial Analytics; Tool Mastery KB,https://community.alteryx.com/t5/Interactive-Lessons/ct-p/interactive-lessons,,,0,Official
Standard macro – use case & functionality,packages reusable logic into one tool; runs once for the workflow; Macro Input feeds the incoming data; distributed as .yxmc,D5 · Macros,18%,High,3,18,🔴 Not Started,Medium,No,No,No,No,No,1,No,,,Academy Pathway: Getting Started with Macros; Help: Macros,https://help.alteryx.com/,,,0,Official
Batch macro – use case & functionality,one Control Parameter; the macro runs once per record on the control input; Action tool updates the config each pass; outputs are stacked,D5 · Macros,18%,High,3,18,🔴 Not Started,Hard,No,No,No,No,No,1,No,,,Academy Pathway: Getting Started with Macros; Help: Macros,https://help.alteryx.com/,,,0,Official
Iterative macro – use case & functionality,Iteration Input & Iteration Output; feeds its output back into its input until a condition is met or max iterations reached; convergence / stop logic,D5 · Macros,18%,High,3,18,🔴 Not Started,Hard,No,No,No,No,No,1,No,,,Academy Pathway: Getting Started with Macros; Help: Macros,https://help.alteryx.com/,,,0,Official
Macro Input tool,template / example input data; field-map anchor; input name & anchor abbreviation; 'Generate a template that reflects...',D5 · Macros,18%,High,3,18,🔴 Not Started,Medium,No,No,No,No,No,1,No,,,Academy Pathway: Getting Started with Macros; Help: Macros,https://help.alteryx.com/,,,0,Official
Macro Output tool,defines an output anchor; can have several; anchor abbreviation & name; where results leave the macro,D5 · Macros,18%,Medium,3,19,🔴 Not Started,Easy,No,No,No,No,No,1,No,,,Academy Pathway: Getting Started with Macros; Help: Macros,https://help.alteryx.com/,,,0,Official
Show Field Map functionality,"on the Macro Input – lets the user of the macro map their incoming fields to the fields the macro expects, at run time",D5 · Macros,18%,High,3,19,🔴 Not Started,Medium,No,No,No,No,No,1,No,,,Academy Pathway: Getting Started with Macros; Help: Macros,https://help.alteryx.com/,,,0,Official
Interface Designer window,"Layout view (arrange questions & groups), Test View, Tree, Properties (macro icon, output mode, analytic-app vs macro); question order",D5 · Macros,18%,High,3,19,🔴 Not Started,Medium,No,No,No,No,No,1,No,,,Academy Pathway: Getting Started with Macros; Help: Macros,https://help.alteryx.com/,,,0,Official
Debug functionality for a macro interface,Interface Designer ▸ Debug – generates a normal standalone workflow populated with the current interface values so you can inspect it,D5 · Macros,18%,High,4,22,🔴 Not Started,Medium,No,No,No,No,No,1,No,,,Academy Pathway: Getting Started with Macros; Help: Macros,https://help.alteryx.com/,,,0,Official
Set the macro repository or location in User Settings,Options ▸ User Settings ▸ Macros tab – add macro search paths; the folder name becomes the tool-palette category,D5 · Macros,18%,Medium,4,22,🔴 Not Started,Easy,No,No,No,No,No,1,No,,,Academy Pathway: Getting Started with Macros; Help: Macros,https://help.alteryx.com/,,,0,Official
Action tool,"links an Interface tool to a specific property of a target tool's XML; 'Update Value (Default)', 'Update Value with Formula', 'Replace a specific string', update raw XML",D6 · Analytical Apps & Productionizing,20%,High,4,23,🔴 Not Started,Hard,No,No,No,No,No,1,No,,,Help: Analytic Apps & Interface tools; Academy: Analytic Apps; Interactive Lessons,https://help.alteryx.com/,,,0,Official
Condition tool – boundaries,"only inside an analytic app / macro; evaluates one expression; True and False anchors route interface / configuration flow, not data records",D6 · Analytical Apps & Productionizing,20%,High,4,23,🔴 Not Started,Medium,No,No,No,No,No,1,No,,,Help: Analytic Apps & Interface tools; Academy: Analytic Apps; Interactive Lessons,https://help.alteryx.com/,,,0,Official
Error Message tool – functionality & resulting error records,expression → error string when true; can be set to warning vs error; stops the app/macro before it runs; the triggering record(s),D6 · Analytical Apps & Productionizing,20%,High,4,23,🔴 Not Started,Medium,No,No,No,No,No,1,No,,,Help: Analytic Apps & Interface tools; Academy: Analytic Apps; Interactive Lessons,https://help.alteryx.com/,,,0,Official
Interface tool: Check Box,Boolean question; value emitted when checked / unchecked; commonly wired to a Condition tool,D6 · Analytical Apps & Productionizing,20%,Medium,4,24,🔴 Not Started,Easy,No,No,No,No,No,1,No,,,Help: Analytic Apps & Interface tools; Academy: Analytic Apps; Interactive Lessons,https://help.alteryx.com/,,,0,Official
Interface tool: Drop Down,single selection; list from manual entry / file / connected tool; separate Name (shown) and Value (used),D6 · Analytical Apps & Productionizing,20%,Medium,4,24,🔴 Not Started,Easy,No,No,No,No,No,1,No,,,Help: Analytic Apps & Interface tools; Academy: Analytic Apps; Interactive Lessons,https://help.alteryx.com/,,,0,Official
Interface tool: File Browse / Folder Browse,returns a file or folder path string; file-type filter; typically sets an Input/Output Data path through an Action tool,D6 · Analytical Apps & Productionizing,20%,Medium,4,24,🔴 Not Started,Easy,No,No,No,No,No,1,No,,,Help: Analytic Apps & Interface tools; Academy: Analytic Apps; Interactive Lessons,https://help.alteryx.com/,,,0,Official
Interface tool: List Box,multiple selection; output as a delimited string or as a field selection; 'Generate Custom List' with prefix/suffix/delimiter,D6 · Analytical Apps & Productionizing,20%,High,4,24,🔴 Not Started,Medium,No,No,No,No,No,1,No,,,Help: Analytic Apps & Interface tools; Academy: Analytic Apps; Interactive Lessons,https://help.alteryx.com/,,,0,Official
Interface tool: Numeric Up Down,"bounded numeric entry; minimum, maximum, increment, decimal places",D6 · Analytical Apps & Productionizing,20%,Low,4,24,🔴 Not Started,Easy,No,No,No,No,No,1,No,,,Help: Analytic Apps & Interface tools; Academy: Analytic Apps; Interactive Lessons,https://help.alteryx.com/,,,0,Official
Interface tool: Radio Button,mutually exclusive choice; each button is its own interface tool; grouped and wired with Action tools,D6 · Analytical Apps & Productionizing,20%,Medium,4,24,🔴 Not Started,Easy,No,No,No,No,No,1,No,,,Help: Analytic Apps & Interface tools; Academy: Analytic Apps; Interactive Lessons,https://help.alteryx.com/,,,0,Official
Interface tool: Text Box,free-text or numeric entry; password mode; multi-line; feeds an Action tool,D6 · Analytical Apps & Productionizing,20%,Medium,4,24,🔴 Not Started,Easy,No,No,No,No,No,1,No,,,Help: Analytic Apps & Interface tools; Academy: Analytic Apps; Interactive Lessons,https://help.alteryx.com/,,,0,Official
Interface tool: DCM Connection,lets the app user pick a DCM connection at run time and passes it to DCM-enabled tools,D6 · Analytical Apps & Productionizing,20%,Medium,4,24,🔴 Not Started,Medium,No,No,No,No,No,1,No,,,Help: Analytic Apps & Interface tools; Academy: Analytic Apps; Interactive Lessons,https://help.alteryx.com/,,,0,Official
Design analytical applications – configure Interface tools,wire Interface → Action → target tool property; choose the right update action; test every input value,D6 · Analytical Apps & Productionizing,20%,High,4,25,🔴 Not Started,Medium,No,No,No,No,No,1,No,,,Help: Analytic Apps & Interface tools; Academy: Analytic Apps; Interactive Lessons,https://help.alteryx.com/,,,0,Official
Design analytical applications – use Interface Designer,"question layout & order, grouping / group boxes, Test View, application icon, output & 'run without input' settings",D6 · Analytical Apps & Productionizing,20%,High,4,25,🔴 Not Started,Medium,No,No,No,No,No,1,No,,,Help: Analytic Apps & Interface tools; Academy: Analytic Apps; Interactive Lessons,https://help.alteryx.com/,,,0,Official
Design analytical applications – illustrate reasons for using an application,guided run-time input for non-Designer users; parameterise a workflow without editing it; self-service / repeatable runs,D6 · Analytical Apps & Productionizing,20%,Medium,4,25,🔴 Not Started,Easy,No,No,No,No,No,1,No,,,Help: Analytic Apps & Interface tools; Academy: Analytic Apps; Interactive Lessons,https://help.alteryx.com/,,,0,Official
Block Until Done tool,"passes all records to output 1, then 2, then 3 only after every upstream record has arrived; sequences a write-then-read in one workflow",D6 · Analytical Apps & Productionizing,20%,High,4,26,🔴 Not Started,Medium,No,No,No,No,No,1,No,,,Help: Analytic Apps & Interface tools; Academy: Analytic Apps; Interactive Lessons,https://help.alteryx.com/,,,0,Official
Email Event (workflow event),Workflow Configuration ▸ Events – send an email before/after run or on success/failure; different from the Reporting Email tool,D6 · Analytical Apps & Productionizing,20%,Medium,4,26,🔴 Not Started,Easy,No,No,No,No,No,1,No,,,Help: Analytic Apps & Interface tools; Academy: Analytic Apps; Interactive Lessons,https://help.alteryx.com/,,,0,Official
Run Command tool,runs an external program / script; command + arguments; optional Write Source (pre) and Read Results (post); working directory; passthrough use,D6 · Analytical Apps & Productionizing,20%,High,4,26,🔴 Not Started,Medium,No,No,No,No,No,1,No,,,Help: Analytic Apps & Interface tools; Academy: Analytic Apps; Interactive Lessons,https://help.alteryx.com/,,,0,Official
Dynamic Select tool,select/deselect fields by data type or by a formula evaluated at run time; include vs exclude matched fields,D6 · Analytical Apps & Productionizing,20%,High,4,26,🔴 Not Started,Medium,No,No,No,No,No,1,No,,,Help: Analytic Apps & Interface tools; Academy: Analytic Apps; Interactive Lessons,https://help.alteryx.com/,,,0,Official
Input Data tool,"file/db connection basics, file format options, record limit",Prerequisite (not on exam outline),—,High,1,1,🔴 Not Started,Easy,No,No,No,No,No,1,No,,,Alteryx Academy – Designer Core / Foundational learning,https://community.alteryx.com/t5/Alteryx-Academy/ct-p/alteryx-academy,,,0,Prerequisite
Output Data tool,"write to file/db, overwrite vs append, file type options",Prerequisite (not on exam outline),—,High,1,1,🔴 Not Started,Easy,No,No,No,No,No,1,No,,,Alteryx Academy – Designer Core / Foundational learning,https://community.alteryx.com/t5/Alteryx-Academy/ct-p/alteryx-academy,,,0,Prerequisite
Select tool,"reorder, rename, change type/size, deselect fields",Prerequisite (not on exam outline),—,High,1,1,🔴 Not Started,Easy,No,No,No,No,No,1,No,,,Alteryx Academy – Designer Core / Foundational learning,https://community.alteryx.com/t5/Alteryx-Academy/ct-p/alteryx-academy,,,0,Prerequisite
Filter tool (basic),"single-condition Basic filter, True/False anchors",Prerequisite (not on exam outline),—,High,1,1,🔴 Not Started,Easy,No,No,No,No,No,1,No,,,Alteryx Academy – Designer Core / Foundational learning,https://community.alteryx.com/t5/Alteryx-Academy/ct-p/alteryx-academy,,,0,Prerequisite
Formula tool (basic),"create/overwrite a field, data types, IF/THEN, string & math functions",Prerequisite (not on exam outline),—,High,1,1,🔴 Not Started,Easy,No,No,No,No,No,1,No,,,Alteryx Academy – Designer Core / Foundational learning,https://community.alteryx.com/t5/Alteryx-Academy/ct-p/alteryx-academy,,,0,Prerequisite
Sort tool,"ascending/descending, multi-field sort order",Prerequisite (not on exam outline),—,High,1,1,🔴 Not Started,Easy,No,No,No,No,No,1,No,,,Alteryx Academy – Designer Core / Foundational learning,https://community.alteryx.com/t5/Alteryx-Academy/ct-p/alteryx-academy,,,0,Prerequisite
Unique tool,"unique vs duplicate output, selecting the key fields",Prerequisite (not on exam outline),—,High,1,1,🔴 Not Started,Easy,No,No,No,No,No,1,No,,,Alteryx Academy – Designer Core / Foundational learning,https://community.alteryx.com/t5/Alteryx-Academy/ct-p/alteryx-academy,,,0,Prerequisite
Summarize tool,"Group By + aggregations (Sum, Count, Min, Max, Concatenate), output field names",Prerequisite (not on exam outline),—,High,1,1,🔴 Not Started,Easy,No,No,No,No,No,1,No,,,Alteryx Academy – Designer Core / Foundational learning,https://community.alteryx.com/t5/Alteryx-Academy/ct-p/alteryx-academy,,,0,Prerequisite
Join tool,join on field vs position; L / J / R anchors; field selection & collisions,Prerequisite (not on exam outline),—,High,1,1,🔴 Not Started,Easy,No,No,No,No,No,1,No,,,Alteryx Academy – Designer Core / Foundational learning,https://community.alteryx.com/t5/Alteryx-Academy/ct-p/alteryx-academy,,,0,Prerequisite
Union tool,auto-config by name vs position; handling missing fields; record order,Prerequisite (not on exam outline),—,High,1,1,🔴 Not Started,Easy,No,No,No,No,No,1,No,,,Alteryx Academy – Designer Core / Foundational learning,https://community.alteryx.com/t5/Alteryx-Academy/ct-p/alteryx-academy,,,0,Prerequisite
"Workflow connections, containers & annotations","wireless connections, tool containers, disabling, comments",Prerequisite (not on exam outline),—,High,1,1,🔴 Not Started,Easy,No,No,No,No,No,1,No,,,Alteryx Academy – Designer Core / Foundational learning,https://community.alteryx.com/t5/Alteryx-Academy/ct-p/alteryx-academy,,,0,Prerequisite
Data types,String vs V_String vs WString; Int/Double/Fixed Decimal; Date/DateTime; Bool; Blob; size,Prerequisite (not on exam outline),—,High,1,1,🔴 Not Started,Easy,No,No,No,No,No,1,No,,,Alteryx Academy – Designer Core / Foundational learning,https://community.alteryx.com/t5/Alteryx-Academy/ct-p/alteryx-academy,,,0,Prerequisite
Basic expressions & operators,"AND OR NOT, = != < >, IN(), IsNull(), IsEmpty(), string concat +",Prerequisite (not on exam outline),—,High,1,1,🔴 Not Started,Easy,No,No,No,No,No,1,No,,,Alteryx Academy – Designer Core / Foundational learning,https://community.alteryx.com/t5/Alteryx-Academy/ct-p/alteryx-academy,,,0,Prerequisite
