Question,Domain,Topic,Difficulty,My Answer,Correct Answer,Correct/Incorrect,Explanation,Mistake Type,Revision Required,Confidence
"A Multi-Row Formula is set to Num Rows = 1, expression [Sales]+[Row-1:Total], new field [Total], and 'Values for rows that don't exist' = 0. Input [Sales] = 10,20,30 (unsorted issues aside). What is [Total] for the three rows?",D1 · Advanced Data Prep,Multi-Row Formula,Medium,,"10, 30, 60 (running total; first row's [Row-1:Total] is treated as 0).",,"For the first row there is no previous row, so [Row-1:Total] = 0 -> 10. Row 2: 20+10=30. Row 3: 30+30=60.",,No,1
"In the Multi-Row Formula tool, 'Values for rows that don't exist' is left as 'Null()'. Your expression is [Row-1:Price] - [Price]. What happens on the first row?",D1 · Advanced Data Prep,Multi-Row Formula – rows that don't exist,Easy,,The result is Null (any arithmetic with Null returns Null).,,[Row-1:Price] is Null on the first row; Null minus a number is Null. Choose 0 or a sentinel if you need a real number.,,No,1
Which single expression sends a record to the TRUE output of the Filter tool: keep rows where Region is 'East' OR 'West' AND Sales > 1000?,D1 · Advanced Data Prep,Filter – compound AND/OR,Medium,,"[Region]=""East"" OR ([Region]=""West"" AND [Sales]>1000) — but note AND binds tighter than OR, so the UNparenthesised version keeps ALL East rows regardless of Sales.",,"AND has higher precedence than OR. Without parentheses, 'A OR B AND C' = 'A OR (B AND C)'. Always parenthesise mixed AND/OR.",,No,1
"REGEX_Match([Phone], '\d{3}-\d{4}') is applied to the value '555-1234 x9'. What does it return?",D1 · Advanced Data Prep,REGEX_Match(),Medium,,False.,,"REGEX_Match requires the ENTIRE value to match the pattern. '555-1234 x9' has trailing ' x9', so it fails. Use REGEX_CountMatches or wrap with .* to test 'contains'.",,No,1
"RegEx tool, Output Method = Parse, pattern (\d+)-(\d+), applied to '12-345'. How many output columns and what values?",D1 · Advanced Data Prep,RegEx – Parse vs Match,Medium,,Two columns: '12' and '345' (one column per marked group).,,Parse creates one output column per marked (capturing) group. Match would instead flag/return the whole match.,,No,1
"Round(2347, 100) returns what?",D1 · Advanced Data Prep,Round(),Easy,,2300.,,"Alteryx Round(value, multiple) rounds to the nearest MULTIPLE, not to decimal places. 2347 -> nearest 100 = 2300.",,No,1
"GetWord('north-east region 4', 1) returns what? (spaces are delimiters)",D1 · Advanced Data Prep,GetWord(),Easy,,"'region' (word index is zero-based: 0='north-east', 1='region', 2='4').",,"GetWord is zero-based. '-' is not a default delimiter, so 'north-east' is one word.",,No,1
"You must read 300 CSV files that share a schema, from one folder, into a single stream. Which is the most appropriate approach?",D4 · Data Sources,Directory + Dynamic Input,Medium,,"Directory tool -> Dynamic Input ('Read a List of Data Sources'), OR a single Input Data with a wildcard path.",,Both work for a shared schema. Dynamic Input is better when paths/logic vary; a wildcard Input is simplest. A batch macro is only needed for differing schemas.,,No,1
"In In-Database workflows, where does an In-DB Filter actually execute?",D4 · Data Sources,In-Database tools,Medium,,Inside the database (the operation is pushed down as SQL); data is not brought into Designer until a Data Stream Out / Browse.,,The point of In-DB tools is pushdown. Data Stream Out is what pulls results back to the Designer engine.,,No,1
What problem does the Data Connection Manager (DCM) primarily solve?,D4 · Data Sources,DCM,Easy,,It separates connection details from credentials and makes both reusable/shareable with controlled access.,,"DCM is about managing and reusing connections + credentials securely, not about performance.",,No,1
A Dynamic Input tool errors with '... has a different schema than the template'. What is the usual cause and fix?,D4 · Data Sources,Dynamic Input,Medium,,"One source's columns/types differ from the template file; fix by making schemas consistent, using a Batch Macro with Auto Config by Name, or Union with 'Set output based on...'.",,Dynamic Input assumes every source matches the template. Differing schemas are the classic failure; a batch macro handles them.,,No,1
Reporting: you have one Table snippet and one Chart snippet and want them side by side in a single PDF. Which tool sequence?,D2 · Reporting Tools,Layout + Render,Easy,,Table + Chart -> Layout (Horizontal) -> Render (PDF).,,Layout composes multiple snippets into one report field; Render then writes it. Rendering two separate fields would not place them together.,,No,1
"Render tool: 'Group Data into Separate Reports' is set on the [Region] field with 4 regions, output to a PDF file path. What is produced?",D2 · Reporting Tools,Render,Medium,,"Four separate PDF files, one per region (filenames disambiguated per group).",,That option splits the output into one file per distinct group value.,,No,1
"Create Points is configured with X = [Lat], Y = [Long] by mistake (values swapped). What is the visible symptom?",D3 · Spatial Analytics Basics,Create Points,Easy,,Points plot in the wrong place (e.g. off the coast / wrong hemisphere) because X must be Longitude and Y must be Latitude.,,"X = Longitude, Y = Latitude. Swapping them is the single most common Create Points error.",,No,1
"Spatial Match: Target = store polygons, Universe = customer points, condition 'Where Target Contains Universe'. A store polygon contains 5 customer points. How many records leave the Matched output for that store?",D3 · Spatial Analytics Basics,Spatial Match – target vs universe,Hard,,5 — the target record is duplicated once per matching universe record.,,Spatial Match fans out: one output row per target–universe match. Aggregate afterwards if you want one row per store.,,No,1
"Find Nearest: Target = 10 warehouses, Universe = 500 customers, 'find 1 nearest', max distance 20 miles. 30 customers are >20 miles from any warehouse. What do the two outputs contain?",D3 · Spatial Analytics Basics,Find Nearest,Medium,,Matched output: 470 rows (customer + its nearest warehouse + distance). Not-Found output: 30 rows.,,Find Nearest returns one matched row per Universe record within the cutoff; the rest go to the unmatched/Not-Found anchor.,,No,1
"Which macro type would you build to run the same cleanup logic once for each file path in an incoming list, changing the Input Data path each run?",D5 · Macros,Batch macro,Medium,,A Batch macro (Control Parameter feeds the path; an Action tool updates the Input Data tool each pass).,,One run per control record = batch. Iterative feeds output back to input; standard runs once.,,No,1
"In an Iterative macro, what two things determine when it stops?",D5 · Macros,Iterative macro,Medium,,"Either the Iteration Output feeding the loop anchor becomes empty (0 records) / the stop condition is met, OR the maximum iteration count (Interface Designer > Properties) is reached.",,An iterative macro loops until nothing is left to process or it hits the max-iterations safeguard.,,No,1
The 'Show Field Map' option on a Macro Input does what for someone using your macro?,D5 · Macros,Show Field Map,Easy,,"It lets them map their own incoming field names to the field names the macro expects, at configuration time.",,Field Map = user-facing remapping of incoming fields to the macro's template fields.,,No,1
An Action tool is set to 'Update Value' targeting a Text Box interface tool wired to an Input Data tool's file path. At run time the user types C:\data\jan.csv. What happens?,D6 · Analytical Apps,Action tool,Medium,,The Input Data tool's file-path property in the workflow XML is replaced with C:\data\jan.csv before the workflow runs.,,The Action tool rewrites a specific piece of the target tool's XML using the interface value.,,No,1
What is the defining limitation ('boundary') of the Condition tool?,D6 · Analytical Apps,Condition tool boundaries,Medium,,It only works inside an analytic app or macro and it routes interface/configuration logic (Action flow) — it does NOT filter data records.,,Condition is an interface tool. For data use Filter. It needs the app/macro context to evaluate.,,No,1
"The Error Message tool's expression evaluates to True at run time (set as an error, not a warning). What happens to the analytic app?",D6 · Analytical Apps,Error Message tool,Medium,,The app stops before executing and shows the message to the user; downstream tools do not run.,,An Error Message set to 'error' blocks the run; set to 'warning' it only logs and the run continues.,,No,1
"You need to write a table to a database and then, in the same workflow, read it back after the write finishes. Which tool guarantees the ordering?",D6 · Analytical Apps,Block Until Done,Easy,,Block Until Done — send the write off output 1 (or 2) and the read trigger off a later output so it fires only after the write completes.,,"Block Until Done releases its numbered outputs in order, only after all upstream records have arrived.",,No,1
"List Box interface tool: you want to build a SQL 'IN' list like 'A','B','C' from the user's selections. Which feature do you use?",D6 · Analytical Apps,List Box,Medium,,"'Generate Custom List' with start/end text = single quote, delimiter = ',' (or quote-comma-quote).",,Generate Custom List wraps each selected value with prefix/suffix and joins with a delimiter.,,No,1
"Dynamic Select with 'Select via a Formula': [_CurrentFieldType_] is compared and the formula is: [_CurrentFieldType_] IN ('Double','Int32','Int64'). What does the tool output?",D6 · Analytical Apps,Dynamic Select,Medium,,Only the numeric-typed fields pass through; all other fields are removed.,,"Dynamic Select keeps fields where the formula is True (or removes them, depending on the include/exclude toggle).",,No,1
