Tool,Domain,What it does,Inputs,Outputs,Important configuration,Common mistakes,Exam traps,Hands-on completed,Output prediction completed,Confidence,Status,Type
Multi-Row Formula,D1,Creates/updates a field using values from other rows,"1 (single stream, optionally sorted/grouped)",1,"Num rows, 'Values for rows that don't exist', Group By, new-field type/size",Forgetting Group By; wrong 'rows that don't exist' value; not sorting first,"Given an expression + input, predict every output row incl. the first/last",No,No,1,🔴 Not Started,Official
Multi-Field Formula,D1,Applies one expression to many fields at once,1,1,"Select fields, 'Copy Output Fields and Add', change type/size, [_CurrentField_]/[_CurrentFieldName_]",Leaving 'Copy...Add' on when you meant to overwrite; type mismatch across selected fields,Overwrite vs add new fields; result data type,No,No,1,🔴 Not Started,Official
Formula,D1,Creates/overwrites fields with expressions,1,1,Function categories; data type of new field; order of expressions (later can use earlier),"Assuming later fields aren't usable in same tool (they are, in order); wrong type",DateTime()/ToNumber()/Round()/REGEX_*/GetWord()/FindString()/Trim() exact behaviour,No,No,1,🔴 Not Started,Official
Filter,D1,Splits records into True and False by a condition,1,2 (T / F),Basic vs Custom; compound AND/OR with parentheses,AND/OR precedence without parentheses; using = vs == ; null handling,Which records go to T vs F for a compound expression,No,No,1,🔴 Not Started,Official
Generate Rows,D1,Adds rows by looping an expression,1 (or 0),1,Create new vs update field; Initialization / Condition / Loop expressions; numeric vs date,Off-by-one on the Condition; infinite loop; wrong field type for dates,How many rows are produced and their values,No,No,1,🔴 Not Started,Official
Find Replace,D1,Looks up values from a second input and replaces/appends,2 (F / R),1,Find within field; whole vs any part; replace text vs append fields; case,'Any part of field' vs 'whole field'; multiple matches; case sensitivity,"Result when a term appears 0, 1, many times",No,No,1,🔴 Not Started,Official
Join Multiple,D1,Joins 3+ inputs on key field(s) or position,N,1,Join fields per input; Cartesian if none; 'output only records that joined'; field prefixes,Accidental Cartesian; unmatched records dropped/kept; duplicate field names,Row count and columns after joining N inputs,No,No,1,🔴 Not Started,Official
RegEx,D1,Applies a regular expression to one field,1,1,Output method Replace / Tokenize / Parse / Match; marked groups; case-insensitive,Confusing Parse and Match; too few output columns for Tokenize; unescaped metachar,Columns/rows produced by each method for a given pattern,No,No,1,🔴 Not Started,Official
Association Analysis,D1,Correlation / association between a target and other fields,1,2 (R report / I data),Choose fields; target field; Pearson vs Spearman; p-values,Reading association for categorical as if continuous; ignoring p-value,Interpret the correlation matrix / measures output,No,No,1,🔴 Not Started,Official
Field Summary,D1,"Profiles each field (missing, unique, distribution)",1,2 (R / I),Select fields to profile,Assuming it changes the data (it doesn't),Which stats appear for numeric vs string fields,No,No,1,🔴 Not Started,Official
Frequency Table,D1,Counts occurrences of each distinct value,1,2 (R / I),Select one or more fields,Expecting cross-tab (use Contingency Table for that),Counts & % for a small sample incl. nulls,No,No,1,🔴 Not Started,Official
Pearson Correlation,D1,Linear correlation matrix,1,2 (R / I),Select numeric fields; complete vs pairwise,Using on non-linear / ordinal data,Sign & rough magnitude for a scatter description,No,No,1,🔴 Not Started,Official
Spearman Correlation,D1,Rank-based (monotonic) correlation matrix,1,2 (R / I),Select fields,Thinking it needs linearity (it needs monotonicity),When Spearman > Pearson and why,No,No,1,🔴 Not Started,Official
Table,D2,Builds a report table snippet,1,1 (report),Per-column config; rule-based formatting; grouping; Basic vs Pivot,Formatting rule on the wrong column; number format,What the rendered table looks like given rules,No,No,1,🔴 Not Started,Official
Interactive Chart / Charting,D2,Builds a chart snippet,1,1 (report),Layers; chart type; X/Y fields; aggregation; axis/legend,Wrong aggregation; category vs value axis,Chart shape for a given data + config,No,No,1,🔴 Not Started,Official
Layout,D2,Arranges report snippets into a composite,1 (multi report fields),1 (report),Vertical/horizontal; per-section orientation; borders/margins; layout per group,Mixing up section order; forgetting Layout before Render for multi-snippet,Arrangement of snippets for a config,No,No,1,🔴 Not Started,Official
Render,D2,Converts report snippets to a file/format,1,1,Output format (PDF/HTML/DOCX/XLSX/PCXML); paper size; group into separate reports; field vs file,Rendering without Layout; wrong per-group setting; temp file path,Number of output files / pages for a config,No,No,1,🔴 Not Started,Official
Email (Reporting),D2,Sends email per record with optional report attachment,1,1,SMTP; To/From/Subject/Body from fields; attachments (report or blob),One email per record when you wanted one; SMTP auth,How many emails and their content,No,No,1,🔴 Not Started,Official
Create Points,D3,Turns lat/long fields into point spatial objects,1,1,"X = Longitude, Y = Latitude; CRS",Swapping X/Y (long/lat) so points land in the ocean,What the spatial object field contains,No,No,1,🔴 Not Started,Official
Spatial Match,D3,Flags/joins Target vs Universe by a spatial relationship,2 (T / U),3 (M / U / ...),Match condition (Contains/Intersects/Touches/Within); which side is Target,Reversing Target/Universe; record duplication on multiple matches,Matched vs unmatched counts for overlapping shapes,No,No,1,🔴 Not Started,Official
Trade Area,D3,Builds rings (radius or drive-time) around points,1,1,Ring size(s); miles vs drive-time; overlap Keep/Remove/Cookie-cut,Overlap handling; combined vs per-centre; drive-time needs data pack,Shape/area of the resulting polygons,No,No,1,🔴 Not Started,Official
Distance,D3,Distance/time between two spatial inputs,2 (T / U),1,Point-point vs point-poly; straight-line vs driving; units; direction,Expecting driving distance without a dataset; unit confusion,Distance value / which pairs are measured,No,No,1,🔴 Not Started,Official
Find Nearest,D3,Nearest N Universe records to each Target,2 (T / U),2 (Matched / Not Found),N nearest; max distance; distance field,Target/Universe reversed; N too small; max-distance drops rows,Which target keeps which universe rows + distance,No,No,1,🔴 Not Started,Official
Download,D4,Calls a URL / REST API,1 (or 0),1,Method; Headers; Query/Payload; output to string vs blob; encoding,POST body in wrong tab; needing blob for binary; rate limits,What DownloadData/Headers contain,No,No,1,🔴 Not Started,Official
Connect In-DB,D4,Opens an in-database connection stream,0,1 (In-DB),Connection (or DCM); write vs read; query,Streaming out too early (kills pushdown),Which operations push down vs pull to Designer,No,No,1,🔴 Not Started,Official
Data Stream In / Out,D4,Moves data between Designer and In-DB,1,1,Table name / temp table; append/overwrite/create,Streaming out mid-pipeline unnecessarily,When data actually leaves the database,No,No,1,🔴 Not Started,Official
Directory,D4,Lists files in a folder,0,1,Path; wildcard; include sub-directories; fields returned,Forgetting the wildcard; sub-directory toggle,Rows/columns returned for a folder,No,No,1,🔴 Not Started,Official
Input Data,D4,Reads a file or table,0,1,Format options; wildcard multi-file/sheet; record limit; first row; file name as field,Wildcard schema mismatch; wrong sheet; header option,Rows read for a wildcard + options,No,No,1,🔴 Not Started,Official
Output Data,D4,Writes a file or table,1,0,File type options; overwrite/append; take file/sheet name from field,Overwrite vs append; sheet handling; locked file,Files/sheets produced for a config,No,No,1,🔴 Not Started,Official
Dynamic Input,D4,Reads many sources using a template,1 (list) or 0,1,Template file; 'list of data sources' vs 'change entire file path'; Modify SQL action,Different-schema errors; template mismatch; SQL action syntax,Combined output when schemas differ,No,No,1,🔴 Not Started,Official
Dynamic Rename,D4,Renames fields programmatically,1 (+ optional R),1,Method: first row of data / formula / add-remove prefix-suffix / from R input,'First row of data' also removes that row; formula scope,Field names after the chosen method,No,No,1,🔴 Not Started,Official
Blob Convert,D4,String/field <-> BLOB,1,1,To Blob vs From Blob; field; encoding,Direction; picking a non-blob field,Field type before/after,No,No,1,🔴 Not Started,Official
Blob Input,D4,Reads binary files into a BLOB field,0,1,Wildcard path; field name,Large files / memory; pairing with Directory,One row per file; blob field present,No,No,1,🔴 Not Started,Official
Blob Output,D4,Writes a BLOB field to files,1,0,Filename from field; extension,Missing extension; filename collisions,Files written for N blob rows,No,No,1,🔴 Not Started,Official
Macro Input,D5,Entry point / template for data into a macro,0,1,Template data; field map; 'Show Field Map'; anchor name & abbreviation,No template so downstream tools can't configure; Show Field Map off,What the macro user sees at configure time,No,No,1,🔴 Not Started,Official
Macro Output,D5,Exit anchor for data leaving a macro,1,0,Anchor name & abbreviation; multiple outputs,Multiple outputs unlabeled,Which stream maps to which anchor,No,No,1,🔴 Not Started,Official
Control Parameter,D5,Makes a workflow a BATCH macro; drives one run per record,0,1 (C),Connect to Action tools; runs macro once per control record,Expecting it to stream like data; needs an Action to have effect,Number of macro passes = control record count,No,No,1,🔴 Not Started,Official
Action,D5/D6,Updates a target tool's XML from an Interface/Control value,1,1,Update value (default) / with formula / replace specific string / raw XML,Wrong XML target; 'replace specific string' matching too much,Resulting configuration of the target tool,No,No,1,🔴 Not Started,Official
Condition,D6,Branches the interface/config flow on an expression,1,2 (T / F),Expression; only valid in app/macro,Thinking it filters data records,Which downstream interface actions fire,No,No,1,🔴 Not Started,Official
Error Message,D6,Raises a warning/error when an expression is true,1,1,Expression; message text; warning vs error; stops before run,Assuming records are filtered; warning vs hard stop,Whether the app runs and what the user sees,No,No,1,🔴 Not Started,Official
Check Box,D6,Boolean interface question,0,1 (Q),Value when checked / unchecked; default,Value strings not matching the Action/Condition,Downstream value emitted,No,No,1,🔴 Not Started,Official
Drop Down,D6,Single-select interface question,0 (or 1 list),1 (Q),List source (manual/file/connected); Name vs Value,Confusing display Name with the Value used downstream,Value passed to Action,No,No,1,🔴 Not Started,Official
File Browse / Folder Browse,D6,Path picker interface question,0,1 (Q),File filter; returns a path string,No filter; relative vs absolute path,Path handed to Input/Output via Action,No,No,1,🔴 Not Started,Official
List Box,D6,Multi-select interface question,0 (or 1 list),1 (Q),Delimited string vs field selection; Generate Custom List (prefix/suffix/delimiter),Delimiter / quoting for SQL IN lists; empty selection,The exact string generated,No,No,1,🔴 Not Started,Official
Numeric Up Down,D6,Bounded numeric interface question,0,1 (Q),"Min, Max, Increment, Decimal places",Range too tight; decimals,Value range the user can submit,No,No,1,🔴 Not Started,Official
Radio Button,D6,Mutually exclusive interface choice,0,1 (Q),Each button separate; grouped; default,Not grouping; needing an Action per button,Which single value is active,No,No,1,🔴 Not Started,Official
Text Box,D6,Free text/number interface question,0,1 (Q),Password; multi-line; numeric,No validation; multiline delimiters,String fed to Action,No,No,1,🔴 Not Started,Official
DCM Connection (interface),D6,Run-time picker for a DCM connection,0,1 (Q),Pairs with DCM-enabled tools,Tool not DCM-enabled; permissions,Which connection the workflow uses,No,No,1,🔴 Not Started,Official
Block Until Done,D6,Releases outputs 1->2->3 only after all records arrive,1,3 (ordered),No config; placement matters,Placing it where it can't see all records; expecting parallelism,Order of writes vs reads in one workflow,No,No,1,🔴 Not Started,Official
Run Command,D6,Runs an external program/script,0-1,0-1,Command + args; write source; read results; working dir,Path quoting; blocking; needs a dummy passthrough,Whether/what data returns to the workflow,No,No,1,🔴 Not Started,Official
Dynamic Select,D6,Selects fields by type or by formula at run time,1,1,By type / by formula; include vs exclude,Formula returns nothing -> empty stream,Fields kept for a given data set,No,No,1,🔴 Not Started,Official
Text To Columns,Supporting (D1),Splits one field into rows or columns by a delimiter,1,1,Delimiters; split to rows vs columns; extra columns handling,Delimiter set incl. space; leftover columns,Rows/columns produced,No,No,1,🔴 Not Started,Supporting
Summarize,Supporting (D1/D3),Group By + aggregations incl. spatial actions,1,1,Group By; aggregations; spatial: Combine / Convex Hull / Centroid / Bounding Rectangle,Wrong aggregation; spatial action location,Aggregated rows / combined spatial object,No,No,1,🔴 Not Started,Supporting
Message,Supporting (D5/D6),Emits messages / warnings / errors during run,1,1,When to fire; message type,Firing per record and flooding the log,Log output,No,No,1,🔴 Not Started,Supporting
Detour / Detour End,Supporting (D6),Reroutes flow in an app based on an interface toggle,1,1,Detour direction from interface,Direction not wired to interface,Which branch runs,No,No,1,🔴 Not Started,Supporting
Test,Supporting,Validates data/config; fails the run on a bad assertion,1+,1,Test type; expected result,Not used in build/CI,Pass/fail of the workflow,No,No,1,🔴 Not Started,Supporting
Spatial Info,Supporting (D3),"Extracts properties (area, centroid, bounds) from a spatial object",1,1,Which properties to return,Units of area/length,Numeric properties returned,No,No,1,🔴 Not Started,Supporting
Select,Prerequisite,Reorder / rename / retype / deselect fields,1,1,Type & size; rename; forget-missing,Silent type truncation,Schema after Select,No,No,1,🔴 Not Started,Prerequisite
Join,Prerequisite,Inner + left + right output on key or position,2,3 (L/J/R),Join on field vs position; field selection,Position joins; duplicate keys fan-out,L/J/R row counts,No,No,1,🔴 Not Started,Prerequisite
Union,Prerequisite,Stacks multiple inputs,N,1,Auto by name vs position; missing fields,Name vs position; type coercion,Combined schema & row order,No,No,1,🔴 Not Started,Prerequisite
