Challenge Number,Challenge Name,Topic,Domain,Difficulty,Certification Relevance,Date Started,Date Completed,Attempt Number,Status,Time Taken,Hint Used,Solution Viewed,Confidence,Mistakes,What I Learned,Notes,Resource URL
#3,Running Averages,Multi-Row Formula; running / cumulative calculation; transformation,D1 · Advanced Data Prep,Beginner–Intermediate,CONFIRMED – named in your prompt. Maps to 'configure Multi-Row Formula and identify output from expressions'.,,,1,Not Started,,No,No,1,,,Day 2–3. Build the running average with a Multi-Row Formula; then reproduce it with Summarize+Join and compare.,https://community.alteryx.com/t5/Weekly-Challenge/bd-p/weekly-challenge
#56,Parsing and Counting Hashtags,RegEx parse/tokenize; text manipulation; aggregation,D1 · Advanced Data Prep,Intermediate,CONFIRMED – named in your prompt. Maps to RegEx tool parse/match + 'identify the regex that results in a given output'.,,,1,Not Started,,No,No,1,,,"Day 5–6. Tokenize hashtags to rows, then Summarize Count. Try the Match method as an alternative.",https://community.alteryx.com/t5/Weekly-Challenge/bd-p/weekly-challenge
#6,Spatial Route,Spatial objects; Create Points; Distance; spatial analysis,D3 · Spatial Analytics Basics,Intermediate,CONFIRMED – named in your prompt. Maps to Create Points + Distance tool + combining spatial objects.,,,1,Not Started,,No,No,1,,,"Day 16–17. Create points, build the route, measure distance; inspect the spatial object at each step.",https://community.alteryx.com/t5/Weekly-Challenge/bd-p/weekly-challenge
#86,Create a Macro That Generates Past Dates,Macros; Generate Rows; DateTime; Interface tools,D5 · Macros,Intermediate–Advanced,CONFIRMED – named in your prompt. Maps to macro configuration + Generate Rows + DateTime + Interface tools.,,,1,Not Started,,No,No,1,,,"Day 20–22. Build it as a standard macro first, then add a Numeric Up Down interface for 'number of days back'.",https://community.alteryx.com/t5/Weekly-Challenge/bd-p/weekly-challenge
(verify on Index),Multi-Field Formula challenge,Multi-Field Formula; apply one expression to many fields,D1 · Advanced Data Prep,Advanced (target),RECOMMENDED PRACTICE – not named in the guide.,,,1,Not Started,,No,No,1,,,"Open the Weekly Challenge Index, filter Tool = Multi-Field Formula and Difficulty = Advanced; pick one. Do on/after Day 3.",https://community.alteryx.com/t5/Weekly-Challenge/bd-p/weekly-challenge
(verify on Index),Advanced RegEx parsing challenge,RegEx tool; complex pattern; parse into columns,D1 · Advanced Data Prep,Advanced (target),RECOMMENDED PRACTICE – not named in the guide.,,,1,Not Started,,No,No,1,,,"Index filter Tool = RegEx, Difficulty = Advanced/Expert. Second RegEx rep after #56. Do on/after Day 5.",https://community.alteryx.com/t5/Weekly-Challenge/bd-p/weekly-challenge
(verify on Index),DateTime parsing challenge,DateTime(); DateTimeParse/Format; date maths,D1 · Advanced Data Prep,Intermediate–Advanced (target),RECOMMENDED PRACTICE – not named in the guide.,,,1,Not Started,,No,No,1,,,Index filter Tool = DateTime / Formula. Do on/after Day 4.,https://community.alteryx.com/t5/Weekly-Challenge/bd-p/weekly-challenge
(verify on Index),Dynamic Input / Directory challenge,Directory + Dynamic Input; batch file reading,D4 · Data Sources,Advanced (target),RECOMMENDED PRACTICE – not named in the guide.,,,1,Not Started,,No,No,1,,,Index filter Tool = Dynamic Input or Batch Macro. Do on/after Day 10.,https://community.alteryx.com/t5/Weekly-Challenge/bd-p/weekly-challenge
(verify on Index),Reporting challenge (Table + Render),Table / Charting / Layout / Render,D2 · Reporting Tools,Intermediate (target),RECOMMENDED PRACTICE – not named in the guide.,,,1,Not Started,,No,No,1,,,Index filter Tool = Render or Table. Do on/after Day 13.,https://community.alteryx.com/t5/Weekly-Challenge/bd-p/weekly-challenge
(verify on Index),Batch macro challenge,Control Parameter; Action; run-once-per-record,D5 · Macros,Advanced (target),RECOMMENDED PRACTICE – not named in the guide.,,,1,Not Started,,No,No,1,,,Index filter Tool = Batch Macro. Do on/after Day 20.,https://community.alteryx.com/t5/Weekly-Challenge/bd-p/weekly-challenge
(verify on Index),Iterative macro challenge,Iteration Input/Output; convergence; max iterations,D5 · Macros,Advanced–Expert (target),RECOMMENDED PRACTICE – not named in the guide.,,,1,Not Started,,No,No,1,,,Index filter Tool = Iterative Macro. Do on/after Day 21.,https://community.alteryx.com/t5/Weekly-Challenge/bd-p/weekly-challenge
(verify on Index),Analytical App / Interface challenge,Interface tools; Action; Condition; app design,D6 · Analytical Apps & Productionizing,Advanced (target),RECOMMENDED PRACTICE – not named in the guide.,,,1,Not Started,,No,No,1,,,Index filter Tool = Interface tools / Action / Analytic App. Do on/after Day 25.,https://community.alteryx.com/t5/Weekly-Challenge/bd-p/weekly-challenge
